Workbook

Sheet How to fill
A1: SDlab website: student details
A3: 1. Open the tab with your name (tabs at the bottom).
A4: 2. Fill only the yellow cells in column B. Leave anything blank that you don't want to share.
A5: 3. In column C choose Yes for each detail you are happy to show on the website, No if not. Only 'Yes' items will be published.
A6: 4. Check that your name and program are correct; fix them if not.
A7: 5. Photos: upload a clear head-and-shoulders photo to the OneDrive 'Photos' folder named Firstname_Lastname.jpg.
A8: 6. Please don't edit other students' tabs or the Summary tab.
A10: Legend
A11: Yellow cell = your input
A12: Grey cell = label, do not edit
A14: See the 'Example' tab for how a completed tab looks.
A15: Questions: sumit.dass@kiit.ac.in

Sheet Summary
A1: Summary (auto-filled from each tab; shows only details marked Yes). Do not edit.
A3: Tab | B3: Full name (as it should appear) | C3: Program and year | D3: Email | E3: LinkedIn | F3: Google Scholar | G3: ORCID iD | H3: ResearchGate | I3: GitHub | J3: Instagram | K3: X (Twitter) | L3: Personal website | M3: Short bio (2 to 3 sentences) | N3: Your project / research topic at SDlab | O3: Awards and achievements | P3: Papers / conference presentations | Q3: Photo | R3: Current position (past members only)
A4: Debarchana Sen | B4: =IF(AND('Debarchana Sen'!C5="Yes",'Debarchana Sen'!B5<>""),'Debarchana Sen'!B5,"") -> Debarchana Sen | C4: =IF(AND('Debarchana Sen'!C6="Yes",'Debarchana Sen'!B6<>""),'Debarchana Sen'!B6,"") -> 4th Year ECS | D4: =IF(AND('Debarchana Sen'!C7="Yes",'Debarchana Sen'!B7<>""),'Debarchana Sen'!B7,"") | E4: =IF(AND('Debarchana Sen'!C8="Yes",'Debarchana Sen'!B8<>""),'Debarchana Sen'!B8,"") | F4: =IF(AND('Debarchana Sen'!C9="Yes",'Debarchana Sen'!B9<>""),'Debarchana Sen'!B9,"") | G4: =IF(AND('Debarchana Sen'!C10="Yes",'Debarchana Sen'!B10<>""),'Debarchana Sen'!B10,"") | H4: =IF(AND('Debarchana Sen'!C11="Yes",'Debarchana Sen'!B11<>""),'Debarchana Sen'!B11,"") | I4: =IF(AND('Debarchana Sen'!C12="Yes",'Debarchana Sen'!B12<>""),'Debarchana Sen'!B12,"") | J4: =IF(AND('Debarchana Sen'!C13="Yes",'Debarchana Sen'!B13<>""),'Debarchana Sen'!B13,"") | K4: =IF(AND('Debarchana Sen'!C14="Yes",'Debarchana Sen'!B14<>""),'Debarchana Sen'!B14,"") | L4: =IF(AND('Debarchana Sen'!C15="Yes",'Debarchana Sen'!B15<>""),'Debarchana Sen'!B15,"") | M4: =IF(AND('Debarchana Sen'!C16="Yes",'Debarchana Sen'!B16<>""),'Debarchana Sen'!B16,"") | N4: =IF(AND('Debarchana Sen'!C17="Yes",'Debarchana Sen'!B17<>""),'Debarchana Sen'!B17,"") | O4: =IF(AND('Debarchana Sen'!C18="Yes",'Debarchana Sen'!B18<>""),'Debarchana Sen'!B18,"") | P4: =IF(AND('Debarchana Sen'!C19="Yes",'Debarchana Sen'!B19<>""),'Debarchana Sen'!B19,"") | Q4: =IF(AND('Debarchana Sen'!C20="Yes",'Debarchana Sen'!B20<>""),'Debarchana Sen'!B20,"") | R4: =IF(AND('Debarchana Sen'!C21="Yes",'Debarchana Sen'!B21<>""),'Debarchana Sen'!B21,"")
A5: Dipashrita Das | B5: =IF(AND('Dipashrita Das'!C5="Yes",'Dipashrita Das'!B5<>""),'Dipashrita Das'!B5,"") -> Dipashrita Das | C5: =IF(AND('Dipashrita Das'!C6="Yes",'Dipashrita Das'!B6<>""),'Dipashrita Das'!B6,"") -> 4th Year ECS | D5: =IF(AND('Dipashrita Das'!C7="Yes",'Dipashrita Das'!B7<>""),'Dipashrita Das'!B7,"") | E5: =IF(AND('Dipashrita Das'!C8="Yes",'Dipashrita Das'!B8<>""),'Dipashrita Das'!B8,"") | F5: =IF(AND('Dipashrita Das'!C9="Yes",'Dipashrita Das'!B9<>""),'Dipashrita Das'!B9,"") | G5: =IF(AND('Dipashrita Das'!C10="Yes",'Dipashrita Das'!B10<>""),'Dipashrita Das'!B10,"") | H5: =IF(AND('Dipashrita Das'!C11="Yes",'Dipashrita Das'!B11<>""),'Dipashrita Das'!B11,"") | I5: =IF(AND('Dipashrita Das'!C12="Yes",'Dipashrita Das'!B12<>""),'Dipashrita Das'!B12,"") | J5: =IF(AND('Dipashrita Das'!C13="Yes",'Dipashrita Das'!B13<>""),'Dipashrita Das'!B13,"") | K5: =IF(AND('Dipashrita Das'!C14="Yes",'Dipashrita Das'!B14<>""),'Dipashrita Das'!B14,"") | L5: =IF(AND('Dipashrita Das'!C15="Yes",'Dipashrita Das'!B15<>""),'Dipashrita Das'!B15,"") | M5: =IF(AND('Dipashrita Das'!C16="Yes",'Dipashrita Das'!B16<>""),'Dipashrita Das'!B16,"") | N5: =IF(AND('Dipashrita Das'!C17="Yes",'Dipashrita Das'!B17<>""),'Dipashrita Das'!B17,"") | O5: =IF(AND('Dipashrita Das'!C18="Yes",'Dipashrita Das'!B18<>""),'Dipashrita Das'!B18,"") | P5: =IF(AND('Dipashrita Das'!C19="Yes",'Dipashrita Das'!B19<>""),'Dipashrita Das'!B19,"") | Q5: =IF(AND('Dipashrita Das'!C20="Yes",'Dipashrita Das'!B20<>""),'Dipashrita Das'!B20,"") | R5: =IF(AND('Dipashrita Das'!C21="Yes",'Dipashrita Das'!B21<>""),'Dipashrita Das'!B21,"")
A6: Saurav Jena | B6: =IF(AND('Saurav Jena'!C5="Yes",'Saurav Jena'!B5<>""),'Saurav Jena'!B5,"") -> Saurav Jena | C6: =IF(AND('Saurav Jena'!C6="Yes",'Saurav Jena'!B6<>""),'Saurav Jena'!B6,"") -> 3rd Year EC | D6: =IF(AND('Saurav Jena'!C7="Yes",'Saurav Jena'!B7<>""),'Saurav Jena'!B7,"") | E6: =IF(AND('Saurav Jena'!C8="Yes",'Saurav Jena'!B8<>""),'Saurav Jena'!B8,"") | F6: =IF(AND('Saurav Jena'!C9="Yes",'Saurav Jena'!B9<>""),'Saurav Jena'!B9,"") | G6: =IF(AND('Saurav Jena'!C10="Yes",'Saurav Jena'!B10<>""),'Saurav Jena'!B10,"") | H6: =IF(AND('Saurav Jena'!C11="Yes",'Saurav Jena'!B11<>""),'Saurav Jena'!B11,"") | I6: =IF(AND('Saurav Jena'!C12="Yes",'Saurav Jena'!B12<>""),'Saurav Jena'!B12,"") | J6: =IF(AND('Saurav Jena'!C13="Yes",'Saurav Jena'!B13<>""),'Saurav Jena'!B13,"") | K6: =IF(AND('Saurav Jena'!C14="Yes",'Saurav Jena'!B14<>""),'Saurav Jena'!B14,"") | L6: =IF(AND('Saurav Jena'!C15="Yes",'Saurav Jena'!B15<>""),'Saurav Jena'!B15,"") | M6: =IF(AND('Saurav Jena'!C16="Yes",'Saurav Jena'!B16<>""),'Saurav Jena'!B16,"") | N6: =IF(AND('Saurav Jena'!C17="Yes",'Saurav Jena'!B17<>""),'Saurav Jena'!B17,"") | O6: =IF(AND('Saurav Jena'!C18="Yes",'Saurav Jena'!B18<>""),'Saurav Jena'!B18,"") | P6: =IF(AND('Saurav Jena'!C19="Yes",'Saurav Jena'!B19<>""),'Saurav Jena'!B19,"") | Q6: =IF(AND('Saurav Jena'!C20="Yes",'Saurav Jena'!B20<>""),'Saurav Jena'!B20,"") | R6: =IF(AND('Saurav Jena'!C21="Yes",'Saurav Jena'!B21<>""),'Saurav Jena'!B21,"")
A7: Saanvi Patankar | B7: =IF(AND('Saanvi Patankar'!C5="Yes",'Saanvi Patankar'!B5<>""),'Saanvi Patankar'!B5,"") -> Saanvi Patankar | C7: =IF(AND('Saanvi Patankar'!C6="Yes",'Saanvi Patankar'!B6<>""),'Saanvi Patankar'!B6,"") -> 3rd Year EC | D7: =IF(AND('Saanvi Patankar'!C7="Yes",'Saanvi Patankar'!B7<>""),'Saanvi Patankar'!B7,"") | E7: =IF(AND('Saanvi Patankar'!C8="Yes",'Saanvi Patankar'!B8<>""),'Saanvi Patankar'!B8,"") | F7: =IF(AND('Saanvi Patankar'!C9="Yes",'Saanvi Patankar'!B9<>""),'Saanvi Patankar'!B9,"") | G7: =IF(AND('Saanvi Patankar'!C10="Yes",'Saanvi Patankar'!B10<>""),'Saanvi Patankar'!B10,"") | H7: =IF(AND('Saanvi Patankar'!C11="Yes",'Saanvi Patankar'!B11<>""),'Saanvi Patankar'!B11,"") | I7: =IF(AND('Saanvi Patankar'!C12="Yes",'Saanvi Patankar'!B12<>""),'Saanvi Patankar'!B12,"") | J7: =IF(AND('Saanvi Patankar'!C13="Yes",'Saanvi Patankar'!B13<>""),'Saanvi Patankar'!B13,"") | K7: =IF(AND('Saanvi Patankar'!C14="Yes",'Saanvi Patankar'!B14<>""),'Saanvi Patankar'!B14,"") | L7: =IF(AND('Saanvi Patankar'!C15="Yes",'Saanvi Patankar'!B15<>""),'Saanvi Patankar'!B15,"") | M7: =IF(AND('Saanvi Patankar'!C16="Yes",'Saanvi Patankar'!B16<>""),'Saanvi Patankar'!B16,"") | N7: =IF(AND('Saanvi Patankar'!C17="Yes",'Saanvi Patankar'!B17<>""),'Saanvi Patankar'!B17,"") | O7: =IF(AND('Saanvi Patankar'!C18="Yes",'Saanvi Patankar'!B18<>""),'Saanvi Patankar'!B18,"") | P7: =IF(AND('Saanvi Patankar'!C19="Yes",'Saanvi Patankar'!B19<>""),'Saanvi Patankar'!B19,"") | Q7: =IF(AND('Saanvi Patankar'!C20="Yes",'Saanvi Patankar'!B20<>""),'Saanvi Patankar'!B20,"") | R7: =IF(AND('Saanvi Patankar'!C21="Yes",'Saanvi Patankar'!B21<>""),'Saanvi Patankar'!B21,"")
A8: Narayan Aravind | B8: =IF(AND('Narayan Aravind'!C5="Yes",'Narayan Aravind'!B5<>""),'Narayan Aravind'!B5,"") -> Narayan Aravind | C8: =IF(AND('Narayan Aravind'!C6="Yes",'Narayan Aravind'!B6<>""),'Narayan Aravind'!B6,"") -> 3rd Year EC | D8: =IF(AND('Narayan Aravind'!C7="Yes",'Narayan Aravind'!B7<>""),'Narayan Aravind'!B7,"") | E8: =IF(AND('Narayan Aravind'!C8="Yes",'Narayan Aravind'!B8<>""),'Narayan Aravind'!B8,"") | F8: =IF(AND('Narayan Aravind'!C9="Yes",'Narayan Aravind'!B9<>""),'Narayan Aravind'!B9,"") | G8: =IF(AND('Narayan Aravind'!C10="Yes",'Narayan Aravind'!B10<>""),'Narayan Aravind'!B10,"") | H8: =IF(AND('Narayan Aravind'!C11="Yes",'Narayan Aravind'!B11<>""),'Narayan Aravind'!B11,"") | I8: =IF(AND('Narayan Aravind'!C12="Yes",'Narayan Aravind'!B12<>""),'Narayan Aravind'!B12,"") | J8: =IF(AND('Narayan Aravind'!C13="Yes",'Narayan Aravind'!B13<>""),'Narayan Aravind'!B13,"") | K8: =IF(AND('Narayan Aravind'!C14="Yes",'Narayan Aravind'!B14<>""),'Narayan Aravind'!B14,"") | L8: =IF(AND('Narayan Aravind'!C15="Yes",'Narayan Aravind'!B15<>""),'Narayan Aravind'!B15,"") | M8: =IF(AND('Narayan Aravind'!C16="Yes",'Narayan Aravind'!B16<>""),'Narayan Aravind'!B16,"") | N8: =IF(AND('Narayan Aravind'!C17="Yes",'Narayan Aravind'!B17<>""),'Narayan Aravind'!B17,"") | O8: =IF(AND('Narayan Aravind'!C18="Yes",'Narayan Aravind'!B18<>""),'Narayan Aravind'!B18,"") | P8: =IF(AND('Narayan Aravind'!C19="Yes",'Narayan Aravind'!B19<>""),'Narayan Aravind'!B19,"") | Q8: =IF(AND('Narayan Aravind'!C20="Yes",'Narayan Aravind'!B20<>""),'Narayan Aravind'!B20,"") | R8: =IF(AND('Narayan Aravind'!C21="Yes",'Narayan Aravind'!B21<>""),'Narayan Aravind'!B21,"")
A9: Ustah Puspalak | B9: =IF(AND('Ustah Puspalak'!C5="Yes",'Ustah Puspalak'!B5<>""),'Ustah Puspalak'!B5,"") -> Ustah Puspalak | C9: =IF(AND('Ustah Puspalak'!C6="Yes",'Ustah Puspalak'!B6<>""),'Ustah Puspalak'!B6,"") -> 3rd Year EC | D9: =IF(AND('Ustah Puspalak'!C7="Yes",'Ustah Puspalak'!B7<>""),'Ustah Puspalak'!B7,"") | E9: =IF(AND('Ustah Puspalak'!C8="Yes",'Ustah Puspalak'!B8<>""),'Ustah Puspalak'!B8,"") | F9: =IF(AND('Ustah Puspalak'!C9="Yes",'Ustah Puspalak'!B9<>""),'Ustah Puspalak'!B9,"") | G9: =IF(AND('Ustah Puspalak'!C10="Yes",'Ustah Puspalak'!B10<>""),'Ustah Puspalak'!B10,"") | H9: =IF(AND('Ustah Puspalak'!C11="Yes",'Ustah Puspalak'!B11<>""),'Ustah Puspalak'!B11,"") | I9: =IF(AND('Ustah Puspalak'!C12="Yes",'Ustah Puspalak'!B12<>""),'Ustah Puspalak'!B12,"") | J9: =IF(AND('Ustah Puspalak'!C13="Yes",'Ustah Puspalak'!B13<>""),'Ustah Puspalak'!B13,"") | K9: =IF(AND('Ustah Puspalak'!C14="Yes",'Ustah Puspalak'!B14<>""),'Ustah Puspalak'!B14,"") | L9: =IF(AND('Ustah Puspalak'!C15="Yes",'Ustah Puspalak'!B15<>""),'Ustah Puspalak'!B15,"") | M9: =IF(AND('Ustah Puspalak'!C16="Yes",'Ustah Puspalak'!B16<>""),'Ustah Puspalak'!B16,"") | N9: =IF(AND('Ustah Puspalak'!C17="Yes",'Ustah Puspalak'!B17<>""),'Ustah Puspalak'!B17,"") | O9: =IF(AND('Ustah Puspalak'!C18="Yes",'Ustah Puspalak'!B18<>""),'Ustah Puspalak'!B18,"") | P9: =IF(AND('Ustah Puspalak'!C19="Yes",'Ustah Puspalak'!B19<>""),'Ustah Puspalak'!B19,"") | Q9: =IF(AND('Ustah Puspalak'!C20="Yes",'Ustah Puspalak'!B20<>""),'Ustah Puspalak'!B20,"") | R9: =IF(AND('Ustah Puspalak'!C21="Yes",'Ustah Puspalak'!B21<>""),'Ustah Puspalak'!B21,"")
A10: Rushati Maji | B10: =IF(AND('Rushati Maji'!C5="Yes",'Rushati Maji'!B5<>""),'Rushati Maji'!B5,"") -> Rushati Maji | C10: =IF(AND('Rushati Maji'!C6="Yes",'Rushati Maji'!B6<>""),'Rushati Maji'!B6,"") -> 3rd Year EC | D10: =IF(AND('Rushati Maji'!C7="Yes",'Rushati Maji'!B7<>""),'Rushati Maji'!B7,"") | E10: =IF(AND('Rushati Maji'!C8="Yes",'Rushati Maji'!B8<>""),'Rushati Maji'!B8,"") | F10: =IF(AND('Rushati Maji'!C9="Yes",'Rushati Maji'!B9<>""),'Rushati Maji'!B9,"") | G10: =IF(AND('Rushati Maji'!C10="Yes",'Rushati Maji'!B10<>""),'Rushati Maji'!B10,"") | H10: =IF(AND('Rushati Maji'!C11="Yes",'Rushati Maji'!B11<>""),'Rushati Maji'!B11,"") | I10: =IF(AND('Rushati Maji'!C12="Yes",'Rushati Maji'!B12<>""),'Rushati Maji'!B12,"") | J10: =IF(AND('Rushati Maji'!C13="Yes",'Rushati Maji'!B13<>""),'Rushati Maji'!B13,"") | K10: =IF(AND('Rushati Maji'!C14="Yes",'Rushati Maji'!B14<>""),'Rushati Maji'!B14,"") | L10: =IF(AND('Rushati Maji'!C15="Yes",'Rushati Maji'!B15<>""),'Rushati Maji'!B15,"") | M10: =IF(AND('Rushati Maji'!C16="Yes",'Rushati Maji'!B16<>""),'Rushati Maji'!B16,"") | N10: =IF(AND('Rushati Maji'!C17="Yes",'Rushati Maji'!B17<>""),'Rushati Maji'!B17,"") | O10: =IF(AND('Rushati Maji'!C18="Yes",'Rushati Maji'!B18<>""),'Rushati Maji'!B18,"") | P10: =IF(AND('Rushati Maji'!C19="Yes",'Rushati Maji'!B19<>""),'Rushati Maji'!B19,"") | Q10: =IF(AND('Rushati Maji'!C20="Yes",'Rushati Maji'!B20<>""),'Rushati Maji'!B20,"") | R10: =IF(AND('Rushati Maji'!C21="Yes",'Rushati Maji'!B21<>""),'Rushati Maji'!B21,"")
A11: Gurudutta Panda | B11: =IF(AND('Gurudutta Panda'!C5="Yes",'Gurudutta Panda'!B5<>""),'Gurudutta Panda'!B5,"") -> Gurudutta Panda | C11: =IF(AND('Gurudutta Panda'!C6="Yes",'Gurudutta Panda'!B6<>""),'Gurudutta Panda'!B6,"") -> 2nd Year Biotechnology | D11: =IF(AND('Gurudutta Panda'!C7="Yes",'Gurudutta Panda'!B7<>""),'Gurudutta Panda'!B7,"") | E11: =IF(AND('Gurudutta Panda'!C8="Yes",'Gurudutta Panda'!B8<>""),'Gurudutta Panda'!B8,"") | F11: =IF(AND('Gurudutta Panda'!C9="Yes",'Gurudutta Panda'!B9<>""),'Gurudutta Panda'!B9,"") | G11: =IF(AND('Gurudutta Panda'!C10="Yes",'Gurudutta Panda'!B10<>""),'Gurudutta Panda'!B10,"") | H11: =IF(AND('Gurudutta Panda'!C11="Yes",'Gurudutta Panda'!B11<>""),'Gurudutta Panda'!B11,"") | I11: =IF(AND('Gurudutta Panda'!C12="Yes",'Gurudutta Panda'!B12<>""),'Gurudutta Panda'!B12,"") | J11: =IF(AND('Gurudutta Panda'!C13="Yes",'Gurudutta Panda'!B13<>""),'Gurudutta Panda'!B13,"") | K11: =IF(AND('Gurudutta Panda'!C14="Yes",'Gurudutta Panda'!B14<>""),'Gurudutta Panda'!B14,"") | L11: =IF(AND('Gurudutta Panda'!C15="Yes",'Gurudutta Panda'!B15<>""),'Gurudutta Panda'!B15,"") | M11: =IF(AND('Gurudutta Panda'!C16="Yes",'Gurudutta Panda'!B16<>""),'Gurudutta Panda'!B16,"") | N11: =IF(AND('Gurudutta Panda'!C17="Yes",'Gurudutta Panda'!B17<>""),'Gurudutta Panda'!B17,"") | O11: =IF(AND('Gurudutta Panda'!C18="Yes",'Gurudutta Panda'!B18<>""),'Gurudutta Panda'!B18,"") | P11: =IF(AND('Gurudutta Panda'!C19="Yes",'Gurudutta Panda'!B19<>""),'Gurudutta Panda'!B19,"") | Q11: =IF(AND('Gurudutta Panda'!C20="Yes",'Gurudutta Panda'!B20<>""),'Gurudutta Panda'!B20,"") | R11: =IF(AND('Gurudutta Panda'!C21="Yes",'Gurudutta Panda'!B21<>""),'Gurudutta Panda'!B21,"")
A12: Anushree Dash | B12: =IF(AND('Anushree Dash'!C5="Yes",'Anushree Dash'!B5<>""),'Anushree Dash'!B5,"") -> Anushree Dash | C12: =IF(AND('Anushree Dash'!C6="Yes",'Anushree Dash'!B6<>""),'Anushree Dash'!B6,"") -> 2nd Year Biotechnology | D12: =IF(AND('Anushree Dash'!C7="Yes",'Anushree Dash'!B7<>""),'Anushree Dash'!B7,"") | E12: =IF(AND('Anushree Dash'!C8="Yes",'Anushree Dash'!B8<>""),'Anushree Dash'!B8,"") | F12: =IF(AND('Anushree Dash'!C9="Yes",'Anushree Dash'!B9<>""),'Anushree Dash'!B9,"") | G12: =IF(AND('Anushree Dash'!C10="Yes",'Anushree Dash'!B10<>""),'Anushree Dash'!B10,"") | H12: =IF(AND('Anushree Dash'!C11="Yes",'Anushree Dash'!B11<>""),'Anushree Dash'!B11,"") | I12: =IF(AND('Anushree Dash'!C12="Yes",'Anushree Dash'!B12<>""),'Anushree Dash'!B12,"") | J12: =IF(AND('Anushree Dash'!C13="Yes",'Anushree Dash'!B13<>""),'Anushree Dash'!B13,"") | K12: =IF(AND('Anushree Dash'!C14="Yes",'Anushree Dash'!B14<>""),'Anushree Dash'!B14,"") | L12: =IF(AND('Anushree Dash'!C15="Yes",'Anushree Dash'!B15<>""),'Anushree Dash'!B15,"") | M12: =IF(AND('Anushree Dash'!C16="Yes",'Anushree Dash'!B16<>""),'Anushree Dash'!B16,"") | N12: =IF(AND('Anushree Dash'!C17="Yes",'Anushree Dash'!B17<>""),'Anushree Dash'!B17,"") | O12: =IF(AND('Anushree Dash'!C18="Yes",'Anushree Dash'!B18<>""),'Anushree Dash'!B18,"") | P12: =IF(AND('Anushree Dash'!C19="Yes",'Anushree Dash'!B19<>""),'Anushree Dash'!B19,"") | Q12: =IF(AND('Anushree Dash'!C20="Yes",'Anushree Dash'!B20<>""),'Anushree Dash'!B20,"") | R12: =IF(AND('Anushree Dash'!C21="Yes",'Anushree Dash'!B21<>""),'Anushree Dash'!B21,"")
A13: Anirban Mandal | B13: =IF(AND('Anirban Mandal'!C5="Yes",'Anirban Mandal'!B5<>""),'Anirban Mandal'!B5,"") -> Anirban Mandal | C13: =IF(AND('Anirban Mandal'!C6="Yes",'Anirban Mandal'!B6<>""),'Anirban Mandal'!B6,"") -> 2nd Year Biotechnology | D13: =IF(AND('Anirban Mandal'!C7="Yes",'Anirban Mandal'!B7<>""),'Anirban Mandal'!B7,"") | E13: =IF(AND('Anirban Mandal'!C8="Yes",'Anirban Mandal'!B8<>""),'Anirban Mandal'!B8,"") | F13: =IF(AND('Anirban Mandal'!C9="Yes",'Anirban Mandal'!B9<>""),'Anirban Mandal'!B9,"") | G13: =IF(AND('Anirban Mandal'!C10="Yes",'Anirban Mandal'!B10<>""),'Anirban Mandal'!B10,"") | H13: =IF(AND('Anirban Mandal'!C11="Yes",'Anirban Mandal'!B11<>""),'Anirban Mandal'!B11,"") | I13: =IF(AND('Anirban Mandal'!C12="Yes",'Anirban Mandal'!B12<>""),'Anirban Mandal'!B12,"") | J13: =IF(AND('Anirban Mandal'!C13="Yes",'Anirban Mandal'!B13<>""),'Anirban Mandal'!B13,"") | K13: =IF(AND('Anirban Mandal'!C14="Yes",'Anirban Mandal'!B14<>""),'Anirban Mandal'!B14,"") | L13: =IF(AND('Anirban Mandal'!C15="Yes",'Anirban Mandal'!B15<>""),'Anirban Mandal'!B15,"") | M13: =IF(AND('Anirban Mandal'!C16="Yes",'Anirban Mandal'!B16<>""),'Anirban Mandal'!B16,"") | N13: =IF(AND('Anirban Mandal'!C17="Yes",'Anirban Mandal'!B17<>""),'Anirban Mandal'!B17,"") | O13: =IF(AND('Anirban Mandal'!C18="Yes",'Anirban Mandal'!B18<>""),'Anirban Mandal'!B18,"") | P13: =IF(AND('Anirban Mandal'!C19="Yes",'Anirban Mandal'!B19<>""),'Anirban Mandal'!B19,"") | Q13: =IF(AND('Anirban Mandal'!C20="Yes",'Anirban Mandal'!B20<>""),'Anirban Mandal'!B20,"") | R13: =IF(AND('Anirban Mandal'!C21="Yes",'Anirban Mandal'!B21<>""),'Anirban Mandal'!B21,"")
A14: Prateekshya Dash | B14: =IF(AND('Prateekshya Dash'!C5="Yes",'Prateekshya Dash'!B5<>""),'Prateekshya Dash'!B5,"") -> Prateekshya Dash | C14: =IF(AND('Prateekshya Dash'!C6="Yes",'Prateekshya Dash'!B6<>""),'Prateekshya Dash'!B6,"") -> M.Tech., 2020-2022 (past member) | D14: =IF(AND('Prateekshya Dash'!C7="Yes",'Prateekshya Dash'!B7<>""),'Prateekshya Dash'!B7,"") | E14: =IF(AND('Prateekshya Dash'!C8="Yes",'Prateekshya Dash'!B8<>""),'Prateekshya Dash'!B8,"") | F14: =IF(AND('Prateekshya Dash'!C9="Yes",'Prateekshya Dash'!B9<>""),'Prateekshya Dash'!B9,"") | G14: =IF(AND('Prateekshya Dash'!C10="Yes",'Prateekshya Dash'!B10<>""),'Prateekshya Dash'!B10,"") | H14: =IF(AND('Prateekshya Dash'!C11="Yes",'Prateekshya Dash'!B11<>""),'Prateekshya Dash'!B11,"") | I14: =IF(AND('Prateekshya Dash'!C12="Yes",'Prateekshya Dash'!B12<>""),'Prateekshya Dash'!B12,"") | J14: =IF(AND('Prateekshya Dash'!C13="Yes",'Prateekshya Dash'!B13<>""),'Prateekshya Dash'!B13,"") | K14: =IF(AND('Prateekshya Dash'!C14="Yes",'Prateekshya Dash'!B14<>""),'Prateekshya Dash'!B14,"") | L14: =IF(AND('Prateekshya Dash'!C15="Yes",'Prateekshya Dash'!B15<>""),'Prateekshya Dash'!B15,"") | M14: =IF(AND('Prateekshya Dash'!C16="Yes",'Prateekshya Dash'!B16<>""),'Prateekshya Dash'!B16,"") | N14: =IF(AND('Prateekshya Dash'!C17="Yes",'Prateekshya Dash'!B17<>""),'Prateekshya Dash'!B17,"") | O14: =IF(AND('Prateekshya Dash'!C18="Yes",'Prateekshya Dash'!B18<>""),'Prateekshya Dash'!B18,"") | P14: =IF(AND('Prateekshya Dash'!C19="Yes",'Prateekshya Dash'!B19<>""),'Prateekshya Dash'!B19,"") | Q14: =IF(AND('Prateekshya Dash'!C20="Yes",'Prateekshya Dash'!B20<>""),'Prateekshya Dash'!B20,"") | R14: =IF(AND('Prateekshya Dash'!C21="Yes",'Prateekshya Dash'!B21<>""),'Prateekshya Dash'!B21,"")

Sheet Example
A1: EXAMPLE (for reference only)
A2: Fill the yellow cells. Choose Yes/No in column C for what you are comfortable sharing publicly.
A4: Detail | B4: Your details | C4: Show on website? | D4: Guidance / example
A5: Full name (as it should appear) | B5: Saanvi Patankar | C5: Yes | D5: Saanvi Patankar
A6: Program and year | B6: 3rd Year EC | C6: Yes | D6: 3rd Year EC
A7: Email | C7: No | D7: name@kiit.ac.in or personal email
A8: LinkedIn | B8: https://www.linkedin.com/in/example | C8: Yes | D8: https://www.linkedin.com/in/your-profile
A9: Google Scholar | D9: https://scholar.google.com/citations?user=...
A10: ORCID iD | D10: 0000-0000-0000-0000
A11: ResearchGate | D11: https://www.researchgate.net/profile/...
A12: GitHub | D12: https://github.com/username
A13: Instagram | D13: https://www.instagram.com/username
A14: X (Twitter) | D14: https://x.com/username
A15: Personal website | D15: https://...
A16: Short bio (2 to 3 sentences) | B16: I am a 3rd year EC student working on fiber-optic sensors. I enjoy simulation and building hardware. | C16: Yes | D16: I am a 3rd year EC student working on fiber-optic sensors. I enjoy simulation and building hardware.
A17: Your project / research topic at SDlab | B17: D-shaped photonic crystal fiber sensors using COMSOL | C17: Yes | D17: D-shaped photonic crystal fiber sensors using COMSOL
A18: Awards and achievements | B18: JSAP-Optica Travel Award 2026 | C18: Yes | D18: JSAP-Optica Travel Award 2026; 5G Innovation Hackathon 2026, Top 35
A19: Papers / conference presentations | B19: JSAP-Optica Joint Symposia 2026, Sapporo | C19: Yes | D19: JSAP-Optica Joint Symposia 2026, Sapporo (oral)
A20: Photo | B20: Saanvi_Patankar.jpg | C20: Yes | D20: Upload to the OneDrive 'Photos' folder as Firstname_Lastname.jpg, or write 'keep current'
A21: Current position (past members only) | D21: e.g. PhD student, IIT Delhi

Sheet Debarchana Sen
A1: Debarchana Sen
A2: Fill the yellow cells. Choose Yes/No in column C for what you are comfortable sharing publicly.
A4: Detail | B4: Your details | C4: Show on website? | D4: Guidance / example
A5: Full name (as it should appear) | B5: Debarchana Sen | C5: Yes | D5: Saanvi Patankar
A6: Program and year | B6: 4th Year ECS | C6: Yes | D6: 3rd Year EC
A7: Email | D7: name@kiit.ac.in or personal email
A8: LinkedIn | D8: https://www.linkedin.com/in/your-profile
A9: Google Scholar | D9: https://scholar.google.com/citations?user=...
A10: ORCID iD | D10: 0000-0000-0000-0000
A11: ResearchGate | D11: https://www.researchgate.net/profile/...
A12: GitHub | D12: https://github.com/username
A13: Instagram | D13: https://www.instagram.com/username
A14: X (Twitter) | D14: https://x.com/username
A15: Personal website | D15: https://...
A16: Short bio (2 to 3 sentences) | D16: I am a 3rd year EC student working on fiber-optic sensors. I enjoy simulation and building hardware.
A17: Your project / research topic at SDlab | D17: D-shaped photonic crystal fiber sensors using COMSOL
A18: Awards and achievements | D18: JSAP-Optica Travel Award 2026; 5G Innovation Hackathon 2026, Top 35
... A21: Current position (past members only) | D21: e.g. PhD student, IIT Delhi

Sheet Dipashrita Das
A1: Dipashrita Das
A2: Fill the yellow cells. Choose Yes/No in column C for what you are comfortable sharing publicly.
A4: Detail | B4: Your details | C4: Show on website? | D4: Guidance / example
A5: Full name (as it should appear) | B5: Dipashrita Das | C5: Yes | D5: Saanvi Patankar
A6: Program and year | B6: 4th Year ECS | C6: Yes | D6: 3rd Year EC
A7: Email | D7: name@kiit.ac.in or personal email
A8: LinkedIn | D8: https://www.linkedin.com/in/your-profile
A9: Google Scholar | D9: https://scholar.google.com/citations?user=...
A10: ORCID iD | D10: 0000-0000-0000-0000
A11: ResearchGate | D11: https://www.researchgate.net/profile/...
A12: GitHub | D12: https://github.com/username
A13: Instagram | D13: https://www.instagram.com/username
A14: X (Twitter) | D14: https://x.com/username
A15: Personal website | D15: https://...
A16: Short bio (2 to 3 sentences) | D16: I am a 3rd year EC student working on fiber-optic sensors. I enjoy simulation and building hardware.
A17: Your project / research topic at SDlab | D17: D-shaped photonic crystal fiber sensors using COMSOL
A18: Awards and achievements | D18: JSAP-Optica Travel Award 2026; 5G Innovation Hackathon 2026, Top 35
... A21: Current position (past members only) | D21: e.g. PhD student, IIT Delhi

Sheet Saurav Jena
A1: Saurav Jena
A2: Fill the yellow cells. Choose Yes/No in column C for what you are comfortable sharing publicly.
A4: Detail | B4: Your details | C4: Show on website? | D4: Guidance / example
A5: Full name (as it should appear) | B5: Saurav Jena | C5: Yes | D5: Saanvi Patankar
A6: Program and year | B6: 3rd Year EC | C6: Yes | D6: 3rd Year EC
A7: Email | D7: name@kiit.ac.in or personal email
A8: LinkedIn | D8: https://www.linkedin.com/in/your-profile
A9: Google Scholar | D9: https://scholar.google.com/citations?user=...
A10: ORCID iD | D10: 0000-0000-0000-0000
A11: ResearchGate | D11: https://www.researchgate.net/profile/...
A12: GitHub | D12: https://github.com/username
A13: Instagram | D13: https://www.instagram.com/username
A14: X (Twitter) | D14: https://x.com/username
A15: Personal website | D15: https://...
A16: Short bio (2 to 3 sentences) | D16: I am a 3rd year EC student working on fiber-optic sensors. I enjoy simulation and building hardware.
A17: Your project / research topic at SDlab | D17: D-shaped photonic crystal fiber sensors using COMSOL
A18: Awards and achievements | D18: JSAP-Optica Travel Award 2026; 5G Innovation Hackathon 2026, Top 35
... A21: Current position (past members only) | D21: e.g. PhD student, IIT Delhi

Sheet Saanvi Patankar
A1: Saanvi Patankar
A2: Fill the yellow cells. Choose Yes/No in column C for what you are comfortable sharing publicly.
A4: Detail | B4: Your details | C4: Show on website? | D4: Guidance / example
A5: Full name (as it should appear) | B5: Saanvi Patankar | C5: Yes | D5: Saanvi Patankar
A6: Program and year | B6: 3rd Year EC | C6: Yes | D6: 3rd Year EC
A7: Email | D7: name@kiit.ac.in or personal email
A8: LinkedIn | D8: https://www.linkedin.com/in/your-profile
A9: Google Scholar | D9: https://scholar.google.com/citations?user=...
A10: ORCID iD | D10: 0000-0000-0000-0000
A11: ResearchGate | D11: https://www.researchgate.net/profile/...
A12: GitHub | D12: https://github.com/username
A13: Instagram | D13: https://www.instagram.com/username
A14: X (Twitter) | D14: https://x.com/username
A15: Personal website | D15: https://...
A16: Short bio (2 to 3 sentences) | D16: I am a 3rd year EC student working on fiber-optic sensors. I enjoy simulation and building hardware.
A17: Your project / research topic at SDlab | D17: D-shaped photonic crystal fiber sensors using COMSOL
A18: Awards and achievements | D18: JSAP-Optica Travel Award 2026; 5G Innovation Hackathon 2026, Top 35
... A21: Current position (past members only) | D21: e.g. PhD student, IIT Delhi

Sheet Narayan Aravind
A1: Narayan Aravind
A2: Fill the yellow cells. Choose Yes/No in column C for what you are comfortable sharing publicly.
A4: Detail | B4: Your details | C4: Show on website? | D4: Guidance / example
A5: Full name (as it should appear) | B5: Narayan Aravind | C5: Yes | D5: Saanvi Patankar
A6: Program and year | B6: 3rd Year EC | C6: Yes | D6: 3rd Year EC
A7: Email | D7: name@kiit.ac.in or personal email
A8: LinkedIn | D8: https://www.linkedin.com/in/your-profile
A9: Google Scholar | D9: https://scholar.google.com/citations?user=...
A10: ORCID iD | D10: 0000-0000-0000-0000
A11: ResearchGate | D11: https://www.researchgate.net/profile/...
A12: GitHub | D12: https://github.com/username
A13: Instagram | D13: https://www.instagram.com/username
A14: X (Twitter) | D14: https://x.com/username
A15: Personal website | D15: https://...
A16: Short bio (2 to 3 sentences) | D16: I am a 3rd year EC student working on fiber-optic sensors. I enjoy simulation and building hardware.
A17: Your project / research topic at SDlab | D17: D-shaped photonic crystal fiber sensors using COMSOL
A18: Awards and achievements | D18: JSAP-Optica Travel Award 2026; 5G Innovation Hackathon 2026, Top 35
... A21: Current position (past members only) | D21: e.g. PhD student, IIT Delhi

Sheet Ustah Puspalak
A1: Ustah Puspalak
A2: Fill the yellow cells. Choose Yes/No in column C for what you are comfortable sharing publicly.
A4: Detail | B4: Your details | C4: Show on website? | D4: Guidance / example
A5: Full name (as it should appear) | B5: Ustah Puspalak | C5: Yes | D5: Saanvi Patankar
A6: Program and year | B6: 3rd Year EC | C6: Yes | D6: 3rd Year EC
A7: Email | D7: name@kiit.ac.in or personal email
A8: LinkedIn | D8: https://www.linkedin.com/in/your-profile
A9: Google Scholar | D9: https://scholar.google.com/citations?user=...
A10: ORCID iD | D10: 0000-0000-0000-0000
A11: ResearchGate | D11: https://www.researchgate.net/profile/...
A12: GitHub | D12: https://github.com/username
A13: Instagram | D13: https://www.instagram.com/username
A14: X (Twitter) | D14: https://x.com/username
A15: Personal website | D15: https://...
A16: Short bio (2 to 3 sentences) | D16: I am a 3rd year EC student working on fiber-optic sensors. I enjoy simulation and building hardware.
A17: Your project / research topic at SDlab | D17: D-shaped photonic crystal fiber sensors using COMSOL
A18: Awards and achievements | D18: JSAP-Optica Travel Award 2026; 5G Innovation Hackathon 2026, Top 35
... A21: Current position (past members only) | D21: e.g. PhD student, IIT Delhi

Sheet Rushati Maji
A1: Rushati Maji
A2: Fill the yellow cells. Choose Yes/No in column C for what you are comfortable sharing publicly.
A4: Detail | B4: Your details | C4: Show on website? | D4: Guidance / example
A5: Full name (as it should appear) | B5: Rushati Maji | C5: Yes | D5: Saanvi Patankar
A6: Program and year | B6: 3rd Year EC | C6: Yes | D6: 3rd Year EC
A7: Email | D7: name@kiit.ac.in or personal email
A8: LinkedIn | D8: https://www.linkedin.com/in/your-profile
A9: Google Scholar | D9: https://scholar.google.com/citations?user=...
A10: ORCID iD | D10: 0000-0000-0000-0000
A11: ResearchGate | D11: https://www.researchgate.net/profile/...
A12: GitHub | D12: https://github.com/username
A13: Instagram | D13: https://www.instagram.com/username
A14: X (Twitter) | D14: https://x.com/username
A15: Personal website | D15: https://...
A16: Short bio (2 to 3 sentences) | D16: I am a 3rd year EC student working on fiber-optic sensors. I enjoy simulation and building hardware.
A17: Your project / research topic at SDlab | D17: D-shaped photonic crystal fiber sensors using COMSOL
A18: Awards and achievements | D18: JSAP-Optica Travel Award 2026; 5G Innovation Hackathon 2026, Top 35
... A21: Current position (past members only) | D21: e.g. PhD student, IIT Delhi

Sheet Gurudutta Panda
A1: Gurudutta Panda
A2: Fill the yellow cells. Choose Yes/No in column C for what you are comfortable sharing publicly.
A4: Detail | B4: Your details | C4: Show on website? | D4: Guidance / example
A5: Full name (as it should appear) | B5: Gurudutta Panda | C5: Yes | D5: Saanvi Patankar
A6: Program and year | B6: 2nd Year Biotechnology | C6: Yes | D6: 3rd Year EC
A7: Email | D7: name@kiit.ac.in or personal email
A8: LinkedIn | D8: https://www.linkedin.com/in/your-profile
A9: Google Scholar | D9: https://scholar.google.com/citations?user=...
A10: ORCID iD | D10: 0000-0000-0000-0000
A11: ResearchGate | D11: https://www.researchgate.net/profile/...
A12: GitHub | D12: https://github.com/username
A13: Instagram | D13: https://www.instagram.com/username
A14: X (Twitter) | D14: https://x.com/username
A15: Personal website | D15: https://...
A16: Short bio (2 to 3 sentences) | D16: I am a 3rd year EC student working on fiber-optic sensors. I enjoy simulation and building hardware.
A17: Your project / research topic at SDlab | D17: D-shaped photonic crystal fiber sensors using COMSOL
A18: Awards and achievements | D18: JSAP-Optica Travel Award 2026; 5G Innovation Hackathon 2026, Top 35
... A21: Current position (past members only) | D21: e.g. PhD student, IIT Delhi

Sheet Anushree Dash
A1: Anushree Dash
A2: Fill the yellow cells. Choose Yes/No in column C for what you are comfortable sharing publicly.
A4: Detail | B4: Your details | C4: Show on website? | D4: Guidance / example
A5: Full name (as it should appear) | B5: Anushree Dash | C5: Yes | D5: Saanvi Patankar
A6: Program and year | B6: 2nd Year Biotechnology | C6: Yes | D6: 3rd Year EC
A7: Email | D7: name@kiit.ac.in or personal email
A8: LinkedIn | D8: https://www.linkedin.com/in/your-profile
A9: Google Scholar | D9: https://scholar.google.com/citations?user=...
A10: ORCID iD | D10: 0000-0000-0000-0000
A11: ResearchGate | D11: https://www.researchgate.net/profile/...
A12: GitHub | D12: https://github.com/username
A13: Instagram | D13: https://www.instagram.com/username
A14: X (Twitter) | D14: https://x.com/username
A15: Personal website | D15: https://...
A16: Short bio (2 to 3 sentences) | D16: I am a 3rd year EC student working on fiber-optic sensors. I enjoy simulation and building hardware.
A17: Your project / research topic at SDlab | D17: D-shaped photonic crystal fiber sensors using COMSOL
A18: Awards and achievements | D18: JSAP-Optica Travel Award 2026; 5G Innovation Hackathon 2026, Top 35
... A21: Current position (past members only) | D21: e.g. PhD student, IIT Delhi

Sheet Anirban Mandal
A1: Anirban Mandal
A2: Fill the yellow cells. Choose Yes/No in column C for what you are comfortable sharing publicly.
A4: Detail | B4: Your details | C4: Show on website? | D4: Guidance / example
A5: Full name (as it should appear) | B5: Anirban Mandal | C5: Yes | D5: Saanvi Patankar
A6: Program and year | B6: 2nd Year Biotechnology | C6: Yes | D6: 3rd Year EC
A7: Email | D7: name@kiit.ac.in or personal email
A8: LinkedIn | D8: https://www.linkedin.com/in/your-profile
A9: Google Scholar | D9: https://scholar.google.com/citations?user=...
A10: ORCID iD | D10: 0000-0000-0000-0000
A11: ResearchGate | D11: https://www.researchgate.net/profile/...
A12: GitHub | D12: https://github.com/username
A13: Instagram | D13: https://www.instagram.com/username
A14: X (Twitter) | D14: https://x.com/username
A15: Personal website | D15: https://...
A16: Short bio (2 to 3 sentences) | D16: I am a 3rd year EC student working on fiber-optic sensors. I enjoy simulation and building hardware.
A17: Your project / research topic at SDlab | D17: D-shaped photonic crystal fiber sensors using COMSOL
A18: Awards and achievements | D18: JSAP-Optica Travel Award 2026; 5G Innovation Hackathon 2026, Top 35
... A21: Current position (past members only) | D21: e.g. PhD student, IIT Delhi

Sheet Prateekshya Dash
A1: Prateekshya Dash
A2: Fill the yellow cells. Choose Yes/No in column C for what you are comfortable sharing publicly.
A4: Detail | B4: Your details | C4: Show on website? | D4: Guidance / example
A5: Full name (as it should appear) | B5: Prateekshya Dash | C5: Yes | D5: Saanvi Patankar
A6: Program and year | B6: M.Tech., 2020-2022 (past member) | C6: Yes | D6: 3rd Year EC
A7: Email | D7: name@kiit.ac.in or personal email
A8: LinkedIn | D8: https://www.linkedin.com/in/your-profile
A9: Google Scholar | D9: https://scholar.google.com/citations?user=...
A10: ORCID iD | D10: 0000-0000-0000-0000
A11: ResearchGate | D11: https://www.researchgate.net/profile/...
A12: GitHub | D12: https://github.com/username
A13: Instagram | D13: https://www.instagram.com/username
A14: X (Twitter) | D14: https://x.com/username
A15: Personal website | D15: https://...
A16: Short bio (2 to 3 sentences) | D16: I am a 3rd year EC student working on fiber-optic sensors. I enjoy simulation and building hardware.
A17: Your project / research topic at SDlab | D17: D-shaped photonic crystal fiber sensors using COMSOL
A18: Awards and achievements | D18: JSAP-Optica Travel Award 2026; 5G Innovation Hackathon 2026, Top 35
... A21: Current position (past members only) | D21: e.g. PhD student, IIT Delhi
